Count,Tradelist Count,Name,Edition,Condition,Language,Foil,Tags,Last Modified,Collector Number,Alter,Proxy,Purchase Price
1,1,Copperhorn Scout,cns,Near Mint,English,,,27:09.2,160,FALSE,FALSE,
1,1,Deadly Brew,stx,Near Mint,English,,,27:09.2,176,FALSE,FALSE,
1,1,Golgari Charm,rtr,Near Mint,English,,,27:09.2,164,FALSE,FALSE,
1,1,Golgari Findbroker,grn,Near Mint,English,,,27:09.2,175,FALSE,FALSE,
1,1,Harald Unites the Elves,khm,Near Mint,English,,,27:09.2,213,FALSE,FALSE,
1,1,Return Upon the Tide,khm,Near Mint,English,,,27:09.2,106,FALSE,FALSE,
1,1,Seeker of Skybreak,tmp,Near Mint,English,,,27:09.2,254,FALSE,FALSE,
1,1,Shamanic Revelation,afc,Near Mint,English,,,27:09.2,171,FALSE,FALSE,
1,1,Amphin Mutineer,cmr,Near Mint,English,,,27:09.2,55,FALSE,FALSE,
1,1,"Anara, Wolvid Familiar",cmr,Near Mint,English,,,27:09.2,214,FALSE,FALSE,
1,1,Ancient Animus,cmr,Near Mint,English,,,27:09.2,215,FALSE,FALSE,
3,3,Aqueous Form,cmr,Near Mint,English,,,27:09.2,56,FALSE,FALSE,
1,1,Archon of Coronation,cmr,Near Mint,English,,,27:09.2,9,FALSE,FALSE,
2,2,"Ardenn, Intrepid Archaeologist",cmr,Near Mint,English,,,27:09.2,10,FALSE,FALSE,
1,1,"Belbe, Corrupted Observer",cmr,Near Mint,English,,,27:09.2,270,FALSE,FALSE,
1,1,Bladegriff Prototype,cmr,Near Mint,English,,,27:09.2,300,FALSE,FALSE,
1,1,Cast Down,cmr,Near Mint,English,,,27:09.2,112,FALSE,FALSE,
3,3,Charcoal Diamond,cmr,Near Mint,English,,,27:09.2,303,FALSE,FALSE,
1,1,Court of Ire,cmr,Near Mint,English,,,27:09.2,170,FALSE,FALSE,
1,1,Dawnglade Regent,cmr,Near Mint,English,,,27:09.2,222,FALSE,FALSE,
1,1,Emberwilde Captain,cmr,Near Mint,English,,,27:09.2,175,FALSE,FALSE,
1,1,"Esior, Wardwing Familiar",cmr,Near Mint,English,,,27:09.2,67,FALSE,FALSE,
1,1,Farhaven Elf,cmr,Near Mint,English,,,27:09.2,225,FALSE,FALSE,
2,2,Fire Diamond,cmr,Near Mint,English,,,27:09.2,309,FALSE,FALSE,
4,4,Fleshbag Marauder,cmr,Near Mint,English,,,27:09.2,128,FALSE,FALSE,
2,2,Frenzied Saddlebrute,cmr,Near Mint,English,,,27:09.2,180,FALSE,FALSE,
1,1,Fyndhorn Elves,cmr,Near Mint,English,,,27:09.2,228,FALSE,FALSE,
1,1,Hans Eriksson,cmr,Near Mint,English,,,27:09.2,279,FALSE,FALSE,
2,2,Humble Defector,cmr,Near Mint,English,,,27:09.2,184,FALSE,FALSE,
2,2,Hunter's Insight,cmr,Near Mint,English,,,27:09.2,232,FALSE,FALSE,
1,1,Imperious Perfect,cmr,Near Mint,English,,,27:09.2,235,FALSE,FALSE,
1,1,Kamahl's Will,cmr,Near Mint,English,,,27:09.2,238,FALSE,FALSE,
2,2,"Kediss, Emberclaw Familiar",cmr,Near Mint,English,,,27:09.2,188,FALSE,FALSE,
1,1,Magus of the Order,cmr,Near Mint,English,,,27:09.2,242,FALSE,FALSE,
1,1,Mask of Memory,cmr,Near Mint,English,,,27:09.2,324,FALSE,FALSE,
1,1,Meteor Golem,cmr,Near Mint,English,,,27:09.2,325,FALSE,FALSE,
1,1,"Nadier, Agent of the Duskenel",cmr,Near Mint,English,,,27:09.2,135,FALSE,FALSE,
1,1,Open the Armory,cmr,Near Mint,English,,,27:09.2,34,FALSE,FALSE,
1,1,Ordeal of Nylea,cmr,Near Mint,English,,,27:09.2,247,FALSE,FALSE,
2,2,Preordain,cmr,Near Mint,English,,,27:09.2,84,FALSE,FALSE,
1,1,Profane Transfusion,cmr,Near Mint,English,,,27:09.2,145,FALSE,FALSE,
1,1,Reclamation Sage,cmr,Near Mint,English,,,27:09.2,248,FALSE,FALSE,
2,2,"Rograkh, Son of Rohgahh",cmr,Near Mint,English,,,27:09.2,197,FALSE,FALSE,
1,1,Sandstone Oracle,cmr,Near Mint,English,,,27:09.2,336,FALSE,FALSE,
1,1,Sifter Wurm,cmr,Near Mint,English,,,27:09.2,254,FALSE,FALSE,
1,1,Slash the Ranks,cmr,Near Mint,English,,,27:09.2,47,FALSE,FALSE,
1,1,Szat's Will,cmr,Near Mint,English,,,27:09.2,152,FALSE,FALSE,
2,2,Thirst for Knowledge,cmr,Near Mint,English,,,27:09.2,103,FALSE,FALSE,
1,1,Triumphant Reckoning,cmr,Near Mint,English,,,27:09.2,52,FALSE,FALSE,
2,2,Victimize,cmr,Near Mint,English,,,27:09.2,157,FALSE,FALSE,
1,1,Viscera Seer,cmr,Near Mint,English,,,27:09.2,158,FALSE,FALSE,
3,3,Viscera Seer,cmr,Near Mint,English,,,27:09.2,158,FALSE,FALSE,
1,1,Bile Blight,bng,Near Mint,English,,,27:09.2,61,FALSE,FALSE,
1,1,Biomancer's Familiar,rna,Near Mint,English,,,27:09.2,158,FALSE,FALSE,
1,1,Consecrate // Consume,rna,Near Mint,English,,,27:09.2,224,FALSE,FALSE,
1,1,Deathcap Cultivator,soi,Near Mint,English,,,27:09.2,202,FALSE,FALSE,
1,1,Emeria Shepherd,bfz,Near Mint,English,,,27:09.2,22,FALSE,FALSE,
1,1,End-Raze Forerunners,rna,Near Mint,English,,,27:09.2,124,FALSE,FALSE,
1,1,Immolation Shaman,rna,Near Mint,English,,,27:09.2,106,FALSE,FALSE,
1,1,Mythos of Snapdax,iko,Near Mint,English,,,27:09.2,24,FALSE,FALSE,
1,1,Ram Through,iko,Near Mint,English,,,27:09.2,170,FALSE,FALSE,
1,1,Sprite Dragon,iko,Near Mint,English,,,27:09.2,211,FALSE,FALSE,
1,1,Sunder Shaman,rna,Near Mint,English,,,27:09.2,210,FALSE,FALSE,
1,1,Sylvan Scrying,bfz,Near Mint,English,,,27:09.2,192,FALSE,FALSE,
1,1,Titanic Brawl,rna,Near Mint,English,,,27:09.2,146,FALSE,FALSE,
2,2,Ulvenwald Mysteries,soi,Near Mint,English,,,27:09.2,236,FALSE,FALSE,
1,1,Vessel of Nascency,soi,Near Mint,English,,,27:09.2,237,FALSE,FALSE,
1,1,Anointer of Valor,cmr,Near Mint,English,foil,,27:09.2,8,FALSE,FALSE,
1,1,Blood Pact,mid,Near Mint,English,foil,,27:09.2,88,FALSE,FALSE,
1,1,Brazen Freebooter,cmr,Near Mint,English,foil,,27:09.2,164,FALSE,FALSE,
1,1,Burnished Hart,cmr,Near Mint,English,foil,,27:09.2,302,FALSE,FALSE,
1,1,Champion of the Flame,cmr,Near Mint,English,foil,,27:09.2,167,FALSE,FALSE,
1,1,Elvish Visionary,cmr,Near Mint,English,foil,,27:09.2,223,FALSE,FALSE,
1,1,Explosion of Riches,cmr,Near Mint,English,foil,,27:09.2,176,FALSE,FALSE,
1,1,Eyeblight Cullers,cmr,Near Mint,English,foil,,27:09.2,124,FALSE,FALSE,
1,1,Fall from Favor,cmr,Near Mint,English,foil,,27:09.2,68,FALSE,FALSE,
2,2,Fin-Clade Fugitives,cmr,Near Mint,English,foil,,27:09.2,227,FALSE,FALSE,
1,1,Fire Diamond,cmr,Near Mint,English,foil,,27:09.2,309,FALSE,FALSE,
1,1,Fractal Summoning,stx,Near Mint,English,foil,,27:09.2,187,FALSE,FALSE,
1,1,Frost Trickster,stx,Near Mint,English,foil,,27:09.2,43,FALSE,FALSE,
1,1,Grinning Ignus,stx,Near Mint,English,foil,,27:09.2,104,FALSE,FALSE,
1,1,Hyena Umbra,2x2,Near Mint,English,foil,,27:09.2,13,FALSE,FALSE,
1,1,Kamahl's Will,cmr,Near Mint,English,foil,,27:09.2,238,FALSE,FALSE,
1,1,Keensight Mentor,iko,Near Mint,English,foil,,27:09.2,18,FALSE,FALSE,
1,1,Kinsbaile Courier,cmr,Near Mint,English,foil,,27:09.2,29,FALSE,FALSE,
1,1,Liliana's Standard Bearer,m21,Near Mint,English,foil,,27:09.2,110,FALSE,FALSE,
1,1,Lumengrid Gargoyle,cmr,Near Mint,English,foil,,27:09.2,321,FALSE,FALSE,
1,1,Make a Stand,cmr,Near Mint,English,foil,,27:09.2,32,FALSE,FALSE,
1,1,Marble Diamond,cmr,Near Mint,English,foil,,27:09.2,323,FALSE,FALSE,
1,1,Mephitic Vapors,grn,Near Mint,English,foil,,27:09.2,76,FALSE,FALSE,
1,1,Portent of Betrayal,cmr,Near Mint,English,foil,,27:09.2,194,FALSE,FALSE,
1,1,Rising Miasma,bfz,Near Mint,English,foil,,27:09.2,122,FALSE,FALSE,
1,1,Roots of Wisdom,khm,Near Mint,English,foil,,27:09.2,190,FALSE,FALSE,
2,2,Scholar of Stars,cmr,Near Mint,English,foil,,27:09.2,92,FALSE,FALSE,
1,1,Scrounging Bandar,cmr,Near Mint,English,foil,,27:09.2,252,FALSE,FALSE,
1,1,Scuttlegator,rna,Near Mint,English,foil,,27:09.2,218,FALSE,FALSE,
2,2,Skaab Goliath,cmr,Near Mint,English,foil,,27:09.2,97,FALSE,FALSE,
2,2,Skywhaler's Shot,cmr,Near Mint,English,foil,,27:09.2,46,FALSE,FALSE,
1,1,Soul of Eternity,cmr,Near Mint,English,foil,,27:09.2,50,FALSE,FALSE,
1,1,Spontaneous Mutation,cmr,Near Mint,English,foil,,27:09.2,100,FALSE,FALSE,
1,1,Terramorphic Expanse,cmr,Near Mint,English,foil,,27:09.2,357,FALSE,FALSE,
1,1,Tuya Bearclaw,cmr,Near Mint,English,foil,,27:09.2,292,FALSE,FALSE,
1,1,Wild Celebrants,cmr,Near Mint,English,foil,,27:09.2,212,FALSE,FALSE,
1,1,Abzan Battle Priest,ktk,Near Mint,English,,,27:09.2,1,FALSE,FALSE,
1,1,Aid from the Cowl,aer,Near Mint,English,,,27:09.2,105,FALSE,FALSE,
1,1,Anger,uma,Near Mint,English,,,27:09.2,122,FALSE,FALSE,
1,1,Arcane Signet,mic,Near Mint,English,,,27:09.2,157,FALSE,FALSE,
1,1,Arcane Signet,clb,Near Mint,English,,,27:09.2,298,FALSE,FALSE,
1,1,Arcane Signet,c21,Near Mint,English,,,27:09.2,234,FALSE,FALSE,
1,1,Archfiend of Sorrows,mh2,Near Mint,English,,,27:09.2,74,FALSE,FALSE,
1,1,Archghoul of Thraben,vow,Near Mint,English,,,27:09.2,93,FALSE,FALSE,
1,1,Artifact Mutation,ncc,Near Mint,English,,,27:09.2,326,FALSE,FALSE,
1,1,Atalan Jackal,40k,Near Mint,English,,,27:09.2,105,FALSE,FALSE,
1,1,Austere Command,cmr,Near Mint,English,,,27:09.2,12,FALSE,FALSE,
1,1,Bedevil,afc,Near Mint,English,,,27:09.2,179,FALSE,FALSE,
1,1,Bedevil,rna,Near Mint,English,,,27:09.2,157,FALSE,FALSE,
1,1,Benevolent Offering,voc,Near Mint,English,,,27:09.2,78,FALSE,FALSE,
1,1,Blasphemous Act,cmr,Near Mint,English,,,27:09.2,162,FALSE,FALSE,
1,1,Blasphemous Act,c21,Near Mint,English,,,27:09.2,159,FALSE,FALSE,
1,1,Body Launderer,snc,Near Mint,English,,,27:09.2,417,FALSE,FALSE,
1,1,Burn Down the House,mid,Near Mint,English,,,27:09.2,131,FALSE,FALSE,
1,1,Bushwhack,bro,Near Mint,English,,,27:09.2,174,FALSE,FALSE,
1,1,Cemetery Reaper,scd,Near Mint,English,,,27:09.2,70,FALSE,FALSE,
1,1,"Chainer, Dementia Master",dmr,Near Mint,English,,,27:09.2,299,FALSE,FALSE,
1,1,"Chainer, Nightmare Adept",mh2,Near Mint,English,,,27:09.2,289,FALSE,FALSE,
1,1,Cloak and Dagger,mor,Near Mint,English,,,27:09.2,141,FALSE,FALSE,
1,1,Conduit of Ruin,bfz,Near Mint,English,,,27:09.2,4,FALSE,FALSE,
1,1,Coronation of Chaos,clb,Near Mint,English,,,27:09.2,168,FALSE,FALSE,
1,1,Coveted Prize,znr,Near Mint,English,,,27:09.2,95,FALSE,FALSE,
1,1,Cunning Rhetoric,c21,Near Mint,English,,,27:09.2,38,FALSE,FALSE,
1,1,Cut // Ribbons,akh,Near Mint,English,,,27:09.2,223,FALSE,FALSE,
1,1,Dark Ritual,a25,Near Mint,English,,,27:09.2,82,FALSE,FALSE,
1,1,Deathsprout,war,Near Mint,English,,,27:09.2,189,FALSE,FALSE,
1,1,Deflecting Palm,soa,Near Mint,English,,,27:09.2,63,FALSE,FALSE,
1,1,Demon of Catastrophes,m19,Near Mint,English,,,27:09.2,91,FALSE,FALSE,
1,1,Demon of Loathing,thb,Near Mint,English,,,27:09.2,292,FALSE,FALSE,
1,1,Demon's Disciple,znr,Near Mint,English,,,27:09.2,97,FALSE,FALSE,
1,1,Despark,sta,Near Mint,English,,,27:09.2,59,FALSE,FALSE,
1,1,Doomskar Warrior,mom,Near Mint,English,,,27:09.2,185,FALSE,FALSE,
1,1,"Drana, the Last Bloodchief",znr,Near Mint,English,,,27:09.2,98,FALSE,FALSE,
1,1,Dreadfeast Demon,vow,Near Mint,English,,,27:09.2,108,FALSE,FALSE,
1,1,Dreadhound,mid,Near Mint,English,,,27:09.2,97,FALSE,FALSE,
1,1,Earthquake,c15,Near Mint,English,,,27:09.2,152,FALSE,FALSE,
1,1,Elephant Grass,vis,Near Mint,English,,,27:09.2,104,FALSE,FALSE,
1,1,Elturel Survivors,clb,Near Mint,English,,,27:09.2,172,FALSE,FALSE,
1,1,Embodiment of Agonies,m20,Near Mint,English,,,27:09.2,98,FALSE,FALSE,
1,1,Ensnared by the Mara,who,Near Mint,English,,,27:09.2,84,FALSE,FALSE,
1,1,"Erebos, Bleak-Hearted",cmm,Near Mint,English,,,27:09.2,868,FALSE,FALSE,
1,1,Eternal Witness,mic,Near Mint,English,,,27:09.2,138,FALSE,FALSE,
1,1,Exsanguinate,som,Near Mint,English,,,27:09.2,61,FALSE,FALSE,
1,1,Fact or Fiction,brc,Near Mint,English,,,27:09.2,84,FALSE,FALSE,
1,1,Faithless Looting,ema,Near Mint,English,,,27:09.2,128,FALSE,FALSE,
1,1,Farseek,c19,Near Mint,English,,,27:09.2,165,FALSE,FALSE,
1,1,Feed the Swarm,soa,Near Mint,English,,,27:09.2,29,FALSE,FALSE,
1,1,Fellwar Stone,ncc,Near Mint,English,,,27:09.2,367,FALSE,FALSE,
1,1,Fellwar Stone,clb,Near Mint,English,,,27:09.2,860,FALSE,FALSE,
1,1,Fellwar Stone,ncc,Near Mint,English,,,27:09.2,367,FALSE,FALSE,
1,1,Fellwar Stone,ncc,Near Mint,English,,,27:09.2,367,FALSE,FALSE,
1,1,Folk Hero,clb,Near Mint,English,foil,,27:09.2,650,FALSE,FALSE,
1,1,For the Ancestors,cmm,Near Mint,English,,,27:09.2,740,FALSE,FALSE,
1,1,"Gadrak, the Crown-Scourge",m21,Near Mint,English,,,27:09.2,146,FALSE,FALSE,
1,1,Gaea's Gift,bro,Near Mint,English,,,27:09.2,182,FALSE,FALSE,
1,1,"Galadriel, Gift-Giver",ltr,Near Mint,English,,,27:09.2,296,FALSE,FALSE,
1,1,Galepowder Mage,clb,Near Mint,English,,,27:09.2,694,FALSE,FALSE,
1,1,Generous Gift,mh1,Near Mint,English,,,27:09.2,11,FALSE,FALSE,
1,1,Gift of Immortality,ths,Near Mint,English,,,27:09.2,14,FALSE,FALSE,
1,1,Goblin War Drums,fem,Near Mint,English,,,27:09.2,58b,FALSE,FALSE,
1,1,Graf Harvest,emn,Near Mint,English,,,27:09.2,90,FALSE,FALSE,
1,1,Gray Merchant of Asphodel,thb,Near Mint,English,,,27:09.2,99,FALSE,FALSE,
1,1,"Halana and Alena, Partners",vow,Near Mint,English,,,27:09.2,239,FALSE,FALSE,
1,1,Hammer of Purphoros,ths,Near Mint,English,,,27:09.2,124,FALSE,FALSE,
1,1,"Hanweir Garrison // Hanweir, the Writhing Township",emn,Near Mint,English,,,27:09.2,130,FALSE,FALSE,
1,1,Hardy Outlander,clb,Near Mint,English,,,27:09.2,235,FALSE,FALSE,
1,1,Harrow,znc,Near Mint,English,,,27:09.2,69,FALSE,FALSE,
1,1,Harvester of Souls,ddq,Near Mint,English,,,27:09.2,60,FALSE,FALSE,
1,1,Hellrider,ddk,Near Mint,English,,,27:09.2,52,FALSE,FALSE,
1,1,High Priest of Penance,clb,Near Mint,English,,,27:09.2,848,FALSE,FALSE,
1,1,Hunter's Insight,jmp,Near Mint,English,,,27:09.2,402,FALSE,FALSE,
1,1,Ingenious Artillerist,clb,Near Mint,English,,,27:09.2,182,FALSE,FALSE,
1,1,"Judith, the Scourge Diva",rna,Near Mint,English,,,27:09.2,185,FALSE,FALSE,
1,1,Lantern of Insight,5dn,Near Mint,English,,,27:09.2,135,FALSE,FALSE,
1,1,"Lorcan, Warlock Collector",afc,Near Mint,English,,,27:09.2,27,FALSE,FALSE,
1,1,Lord of the Accursed,akh,Near Mint,English,,,27:09.2,99,FALSE,FALSE,
1,1,Magmaquake,c15,Near Mint,English,,,27:09.2,162,FALSE,FALSE,
1,1,Magmatic Force,scd,Near Mint,English,,,27:09.2,150,FALSE,FALSE,
1,1,Marauding Blight-Priest,znr,Near Mint,English,,,27:09.2,112,FALSE,FALSE,
1,1,March of Wretched Sorrow,neo,Near Mint,English,,,27:09.2,111,FALSE,FALSE,
1,1,Maskwood Nexus,clb,Near Mint,English,,,27:09.2,865,FALSE,FALSE,
1,1,Mind Stone,wth,Near Mint,English,,,27:09.2,153,FALSE,FALSE,
1,1,Mind Stone,c21,Near Mint,English,,,27:09.2,251,FALSE,FALSE,
1,1,Mirror March,rna,Near Mint,English,,,27:09.2,108,FALSE,FALSE,
1,1,"Moseo, Vein's New Dean",sos,Near Mint,English,,,27:09.2,91,FALSE,FALSE,
1,1,Mother of Runes,clb,Near Mint,English,,,27:09.2,702,FALSE,FALSE,
1,1,Murderous Rider // Swift End,eld,Near Mint,English,,,27:09.2,287,FALSE,FALSE,
1,1,Mutilate,m13,Near Mint,English,,,27:09.2,102,FALSE,FALSE,
1,1,Nalia de'Arnise,clb,Near Mint,English,foil,,27:09.2,649,FALSE,FALSE,
1,1,Necrotic Hex,cmr,Near Mint,English,,,27:09.2,137,FALSE,FALSE,
1,1,Necrotic Ooze,2x2,Near Mint,English,,,27:09.2,83,FALSE,FALSE,
1,1,Nevinyrral's Disk,c17,Near Mint,English,,,27:09.2,217,FALSE,FALSE,
1,1,Norn's Annex,nph,Near Mint,English,,,27:09.2,17,FALSE,FALSE,
1,1,Nyx Lotus,thb,Near Mint,English,,,27:09.2,235,FALSE,FALSE,
1,1,"Ob Nixilis, Unshackled",m15,Near Mint,English,,,27:09.2,110,FALSE,FALSE,
1,1,Ornithopter of Paradise,mh2,Near Mint,English,,,27:09.2,232,FALSE,FALSE,
1,1,Oubliette,2xm,Near Mint,English,,,27:09.2,100,FALSE,FALSE,
1,1,Oversold Cemetery,dmr,Near Mint,English,,,27:09.2,309,FALSE,FALSE,
1,1,Palace Jailer,plst,Near Mint,English,,,27:09.2,CN2-18,FALSE,FALSE,
1,1,Pathrazer of Ulamog,roe,Near Mint,English,,,27:09.2,9,FALSE,FALSE,
1,1,Patriar's Seal,clb,Near Mint,English,,,27:09.2,332,FALSE,FALSE,
1,1,Phyrexian Ghoul,usg,Near Mint,English,,,27:09.2,148,FALSE,FALSE,
1,1,Plaguecrafter,afc,Near Mint,English,,,27:09.2,107,FALSE,FALSE,
1,1,Pontiff of Blight,clb,Near Mint,English,,,27:09.2,768,FALSE,FALSE,
1,1,Priest of Forgotten Gods,rna,Near Mint,English,,,27:09.2,83,FALSE,FALSE,
1,1,Quirion Trailblazer,inv,Near Mint,English,,,27:09.2,205,FALSE,FALSE,
1,1,Rakdos Carnarium,c16,Near Mint,English,,,27:09.2,315,FALSE,FALSE,
1,1,Rakdos Charm,c17,Near Mint,English,,,27:09.2,190,FALSE,FALSE,
1,1,"Rakdos, the Showstopper",rna,Near Mint,English,,,27:09.2,199,FALSE,FALSE,
1,1,Ravenform,khm,Near Mint,English,,,27:09.2,72,FALSE,FALSE,
1,1,Reaper from the Abyss,c14,Near Mint,English,,,27:09.2,159,FALSE,FALSE,
1,1,Rings of Brighthearth,cmr,Near Mint,English,,,27:09.2,335,FALSE,FALSE,
1,1,Rise of the Dread Marn,khm,Near Mint,English,,,27:09.2,107,FALSE,FALSE,
1,1,Riveteers Charm,snc,Near Mint,English,,,27:09.2,331,FALSE,FALSE,
1,1,Secure the Wastes,dtk,Near Mint,English,,,27:09.2,36,FALSE,FALSE,
1,1,Sevinne's Reclamation,clb,Near Mint,English,,,27:09.2,707,FALSE,FALSE,
1,1,"Shaile, Dean of Radiance // Embrose, Dean of Shadow",stx,Near Mint,English,,,27:09.2,330,FALSE,FALSE,
1,1,Sickening Dreams,tor,Near Mint,English,,,27:09.2,83,FALSE,FALSE,
1,1,Sign in Blood,m13,Near Mint,English,,,27:09.2,110,FALSE,FALSE,
1,1,"Sivriss, Nightmare Speaker",clb,Near Mint,English,,,27:09.2,148,FALSE,FALSE,
1,1,Skyfisher Spider,bro,Near Mint,English,,,27:09.2,221,FALSE,FALSE,
1,1,Skyline Despot,afc,Near Mint,English,,,27:09.2,140,FALSE,FALSE,
1,1,Snakeskin Veil,khm,Near Mint,English,,,27:09.2,194,FALSE,FALSE,
1,1,Sol Ring,znc,Near Mint,English,,,27:09.2,120,FALSE,FALSE,
1,1,Sol Ring,mic,Near Mint,English,,,27:09.2,162,FALSE,FALSE,
1,1,Sol Ring,nec,Near Mint,English,,,27:09.2,161,FALSE,FALSE,
1,1,Sol Ring,nec,Near Mint,English,,,27:09.2,161,FALSE,FALSE,
1,1,Sol Ring,ncc,Near Mint,English,,,27:09.2,379,FALSE,FALSE,
1,1,Sol Ring,clb,Near Mint,English,,,27:09.2,871,FALSE,FALSE,
1,1,Solemn Simulacrum,afc,Near Mint,English,,,27:09.2,216,FALSE,FALSE,
1,1,Solemn Simulacrum,dmc,Near Mint,English,,,27:09.2,191,FALSE,FALSE,
1,1,Solemn Simulacrum,ddu,Near Mint,English,,,27:09.2,62,FALSE,FALSE,
1,1,Solemn Simulacrum,plst,Near Mint,English,,,27:09.2,DDU-62,FALSE,FALSE,
1,1,Solitary Confinement,mh2,Near Mint,English,,,27:09.2,265,FALSE,FALSE,
1,1,Songs of the Damned,uma,Near Mint,English,,,27:09.2,115,FALSE,FALSE,
1,1,Songs of the Damned,ice,Near Mint,English,,,27:09.2,160,FALSE,FALSE,
1,1,Soulless One,ons,Near Mint,English,,,27:09.2,171,FALSE,FALSE,
1,1,Spelltithe Enforcer,gpt,Near Mint,English,,,27:09.2,18,FALSE,FALSE,
1,1,"Sram, Senior Edificer",aer,Near Mint,English,,,27:09.2,23,FALSE,FALSE,
1,1,Sterling Grove,mh2,Near Mint,English,,,27:09.2,293,FALSE,FALSE,
1,1,Storm-Kiln Artist,stx,Near Mint,English,,,27:09.2,115,FALSE,FALSE,
1,1,Sun Titan,afc,Near Mint,English,,,27:09.2,73,FALSE,FALSE,
1,1,Sunbird's Invocation,xln,Near Mint,English,,,27:09.2,165,FALSE,FALSE,
1,1,Swiftfoot Boots,ncc,Near Mint,English,,,27:09.2,382,FALSE,FALSE,
1,1,Tendrils of Corruption,tsr,Near Mint,English,,,27:09.2,145,FALSE,FALSE,
1,1,"Teysa, Envoy of Ghosts",c15,Near Mint,English,,,27:09.2,234,FALSE,FALSE,
1,1,The Eldest Reborn,c19,Near Mint,English,,,27:09.2,131,FALSE,FALSE,
1,1,Thorn Elemental,7ed,Near Mint,English,foil,,27:09.2,273,FALSE,FALSE,
1,1,Thought Vessel,cmr,Near Mint,English,,,27:09.2,346,FALSE,FALSE,
1,1,Thwart the Grave,clb,Near Mint,English,,,27:09.2,773,FALSE,FALSE,
1,1,"Tormod, the Desecrator",cmr,Near Mint,English,,,27:09.2,155,FALSE,FALSE,
1,1,Total War,ice,Near Mint,English,,,27:09.2,221,FALSE,FALSE,
1,1,Tragic Slip,dka,Near Mint,English,,,27:09.2,76,FALSE,FALSE,
1,1,Undying Evil,dka,Near Mint,English,,,27:09.2,77,FALSE,FALSE,
1,1,Vindictive Lich,c17,Near Mint,English,,,27:09.2,21,FALSE,FALSE,
1,1,Vines of Vastwood,mm2,Near Mint,English,,,27:09.2,168,FALSE,FALSE,
1,1,Voldaren Thrillseeker,mom,Near Mint,English,,,27:09.2,171,FALSE,FALSE,
1,1,Warstorm Surge,afc,Near Mint,English,,,27:09.2,149,FALSE,FALSE,
1,1,"Wasitora, Nekoru Queen",2x2,Near Mint,English,,,27:09.2,293,FALSE,FALSE,
1,1,Wave of Vitriol,cma,Near Mint,English,,,27:09.2,165,FALSE,FALSE,
1,1,Wear // Tear,dgm,Near Mint,English,,,27:09.2,135,FALSE,FALSE,
1,1,Whispering Madness,gtc,Near Mint,English,,,27:09.2,207,FALSE,FALSE,
1,1,Winds of Rebuke,akh,Near Mint,English,,,27:09.2,76,FALSE,FALSE,
1,1,Wood Elves,c15,Near Mint,English,,,27:09.2,212,FALSE,FALSE,
1,1,Wrap in Vigor,cns,Near Mint,English,,,27:09.2,183,FALSE,FALSE,
1,1,Zombie Trailblazer,tor,Near Mint,English,,,27:09.2,89,FALSE,FALSE,
1,1,Zulaport Cutthroat,clb,Near Mint,English,,,27:09.2,775,FALSE,FALSE,
1,1,Arcane Signet,clb,Near Mint,English,,,27:09.2,298,FALSE,FALSE,
1,1,Astarion's Thirst,clb,Near Mint,English,,,27:09.2,114,FALSE,FALSE,
1,1,Cathars' Crusade,jmp,Near Mint,English,,,27:09.2,95,FALSE,FALSE,
1,1,Cauldron of Souls,c16,Near Mint,English,,,27:09.2,246,FALSE,FALSE,
1,1,Glorious Protector,clb,Near Mint,English,,,27:09.2,695,FALSE,FALSE,
1,1,Orzhov Signet,clb,Near Mint,English,,,27:09.2,867,FALSE,FALSE,
1,1,Smogsteed Rider,gpt,Near Mint,English,,,27:09.2,63,FALSE,FALSE,
1,1,"Taborax, Hope's Demise",znr,Near Mint,English,,,27:09.2,346,FALSE,FALSE,
1,1,Talisman of Hierarchy,clb,Near Mint,English,,,27:09.2,878,FALSE,FALSE,
1,1,Demolition Field,bro,Near Mint,English,,,27:09.2,260,FALSE,FALSE,
1,1,Ancient Excavation,c16,Near Mint,English,,,27:09.2,27,FALSE,FALSE,
1,1,Arcane Signet,ncc,Near Mint,English,,,27:09.2,360,FALSE,FALSE,
1,1,Cauldron's Gift,eld,Near Mint,English,,,27:09.2,83,FALSE,FALSE,
1,1,Defossilize,lci,Near Mint,English,,,27:09.2,103,FALSE,FALSE,
1,1,Dimir Signet,ncc,Near Mint,English,,,27:09.2,365,FALSE,FALSE,
1,1,Talisman of Dominance,mkc,Near Mint,English,,,27:09.2,242,FALSE,FALSE,
1,1,Doors of Durin,ltr,Near Mint,English,,,27:09.2,199,FALSE,FALSE,
1,1,Druids' Repository,avr,Near Mint,English,,,27:09.2,176,FALSE,FALSE,
1,1,See the Unwritten,ktk,Near Mint,English,,,27:09.2,149,FALSE,FALSE,
1,1,Skyshroud Claim,nem,Near Mint,English,,,27:09.2,117,FALSE,FALSE,
1,1,Wild Growth,afc,Near Mint,English,,,27:09.2,174,FALSE,FALSE,
