Decks,Commander,Partner,Deck Representative(s),Color,Deck Type,Initially Built,Deck Description,Combos,Tutors,Bracket,Interaction,Played Games,Wins,Losses,Win %,Win Condition 1,Win Condition 2,Win Condition 3,Strength 1,Strength 2,Strength 3,Weakness 1,Weakness 2,Weakness 3
"Raktres, Lord of Discounts","Rakdos, Lord of Riots",,"Rakdos, Lord of Riots",RB,Commander,44533,Big Mana Group Slug,No,On Creature,2,2,3,2,1,0.666666667,Big Bois: Big Mana Threats Cheated in from Rakdos,Group Slug: Damage Everyone Spells + Pingers,Half Doubled: Hidetsugu + Damage Doubler + Platinum Angel,Only need a few large bodies to take control of the game.,Enablers for Rakdos also serve as an alternative win condition by putting pressure on life totals.,Damage based card draw sources keep hand full of gas to fill board with Rakdos reduction.,There is a heavy reliance on Rakdos to play large impact creatures due to their high CMC.,"The ""life lost"" casting requirement for Rakdos can make him difficult to cast consistently.","Overextending and emptying your hand is easy to do, making board wipes or draw prevention painful."
Marchesa Thatcher,Queen Marchesa,,Queen Marchesa,RWB,Commander,44619,Politics Porcupine,No,No,3,4,2,1,1,0.5,Pillow Fort: Courts + Combat Taxes + Board Wipes,Goading & Bribery: Forced Combat & Political Incentives,Akaido: Combat Tricks & Fogs for Large Blowouts,Only requires a few permanents to shut down most combat damage and slow the game down.,"Political mechanics like goad and monarchy allow for board manipulation, as well as conditional protection and value.",Versatile instant speed interactions that can swing the game in your favor.,Dependant on mana rocks for most of the ramp package makes it vulnerable to artifact hate.,Easy to become archenemy once pillow fort and value engines are up.,"Win conditions can be slow, leaving time for opponents to regain the upper hand."
Prosper's Payday Loans,"Prosper, Tome-Bound",,"Prosper, Tome-Bound",RB,Commander,44619,Steal Through Exile & Treasures,No,No,3,3,3,1,2,0.333333333,Ping the Table: Artifact/Token Pingers + Treasures,Gold Hoard: Revel in Riches + Lots of Treasure,Stolen Spells: Cheat & Duplicate Stolen Exiled Spells,Exile/steal synergies help give card advantage while also having value payoffs.,Artifact/token/exile damage gets around clogged boards.,Treasures make up for Rakdos colors' weaker ramp options.,Much slower if Prosper is shutdown since he's the primary value engine.,Low power/non-combat focused creatures can struggle against focused attack from aggro/voltron.,Impulse draw/stolen cards can lead to exiling a valuable but unplayable card.
"Miara and Kamahl, Murder Hippies","Miara, Thorn of the Glade","Kamahl, Heart of Krosa","Miara, Thorn of the Glade & Kamahl, Heart of Krosa",GB,Commander,44660,Golgari Elfball,No,Land Ramp,2,2,0,0,0,0,Craterhoof Elf Ball: Kamahl + Elf Army,Drain the Table: Lathril + Elf Army + Copperhorn Scout (optional),Ping the Table: Pingers + Elf Army + Sac Outlet or Board Wipe,"Elf synergies, Miara draw on deaths, and token generation keeps up elfball tempo.",Kahmal makes the overrun win condition easily accessible.,No artifacts in the deck allows for one-sided artifact hate.,Low budget of the deck means weaker/overcosted effects and an overall lower power.,Kamahl in the command zone telegraphs main win condition.,Reliance on critical mass of elves struggles with control and board wipe strategies.
"Vilis, Blood ATM","Vilis, Broker of Blood",,"Vilis, Broker of Blood",B,Commander,44701,Card Draw & Life Manipulation,"Bolas/Aetherflux, Krrik/Celebrant, Scourge/Vilis",No,3,3,1,0,1,0,Life Swap Shennanigans: Health Payment + Repay in Kind,Life Drain: Peer Into Abyss + Skirge + Exsanguinate,Health Storm Bomb: Bolas's Citadel and K'rrik + Blood Celebrant + Aetherflux Reservoir,Card draw is easy to pull off even without Vilis.,Life gain/loss manipulation and big swing spells gets around crowded board states.,Mana doublers and life payment allow for multi spell turns.,Flatter curve can lead to clunky hands.,"8 CMC commander is hard to cast, and is a target for removal given the cost and value potential.",Lifegain strategy in mono-black is weaker compared to a deck with white.
"Wulfgar, the Pain-Harmonicon",Wulfgar of Icewind Dale,,Wulfgar of Icewind Dale,GR,Commander,44780,All Creatures Attack,Hellkite Charger + Ventmaw + Wulfgar,Land Ramp,2,2,2,0,2,0,Craterhoof Goat Swing: Ibex / Bogbeast + Any creatures + Wulfgar (optional),Burn the Table: On Attack Burn All Players,Commander Damage: Wulfgar + Two-Handed Axe (Minimum 24 damage on attack),Almost all creatures and permanents have on attack triggers to maximize value.,"Large creatures, token generators, pump effects, trample and haste helps overrun boards.",Extra combat synergies with multiple on attack triggers.,High CMC creatures can be difficult to cast if missing ramp or cheat effects.,Less removal can lead to opponents running away with game or shutting down strategy.,"The ""on attack"" tribal strategy requires putting creatures in danger and leaving you open to crackbacks."
"Nalia, Bring your +1 to the Party",Nalia de'Arnise,,Nalia de'Arnise,WB,Commander,44787,Party Tribal & +1 Counters,No,Yes,3,2,2,0,2,0,One Sided Board Wipe: Stick Together & Damning Verdict,+1 Overrun: Cathar's Crusade + Tokens,Pump the Board: +X/+X effects,Synergies with +1/+1 counters can lead to snowballing effects.,Nalia can play all creatures off the top of the deck.,Low CMC creatures and token generators helps fill party quickly.,"Reliant on combat damage, so is weaker to pillow fort and stax strategies.","Party mechanic has subpar payoffs, heavy creature investment, and limited synergies in Orzhov.","This is a budget, upgraded precon."
"Gisa, Zombie Gardener",Ghoulcaller Gisa,,Ghoulcaller Gisa,B,Commander,45732,Zombie Army Combo,"Nim + Ashnod, Mikaeus + -1/-1s",Yes,3,2,0,0,0,0,Zombie Apocalypse: Gisa + Cheap Fatties + Zombie Lords & Tribal Anthems,Drain the Table: Pingers + Zombie tokens entering and leaving,Rise from the Graves: Mass Recursion + Full Graveyard,Zombie synergy and Gisa's ability can fill the board with zombies quickly.,Zombie enter/death triggers can deal damage to the table without relying on a big swing.,Several conditional tutors that can find combo pieces to close out games.,Mono-black zombies misses strong tribal support from dimir and esper colors.,"Gisa is slow (5 to cast, 1 + tap to activate, creature to sac) and not a zombie.",Graveyard hate can disrupt synergies with reanimation effects.
Vaevictis's Slot Machines,"Vaevictis Asmadi, the Dire",,"Vaevictis Asmadi, the Dire",GRB,Commander,45194,All Permanents Value Pile,No,Land Ramp,2,2,0,0,0,0,Fatties Swing: Cheat Big Creatures + Haste/Double Strike,Permanent Sacrifice Ping: Mayhem Devil and Stalking Vengeance,No Permanents 4 U: Vaevictus Targeted Sacrifice,Vaevictis is powerful spot removal on a stick.,All permanent focus means that you never a miss on commander's flip ability.,Redundant cheating permanents effects if commander is shut down.,"All permanents constraint leads to limited, sub-optimal ramp, card draw and interaction.",High CMC creatures leads to clunky hands if cheat effects are shutdown.,Higher cost commander that will attract removal.
"Tuvasa, Prequel to Threevasa",Tuvasa the Sunlit,,Tuvasa the Sunlit,GUW,Commander,44922,Enchantment Auras & Stax,No,Enchantment Only,3,4,0,0,0,0,Commander Damage: Tuvasa + Auras,Go Wide Value: Token Generators off of Enchantments Entering / Casts,Secret Commander: Bruna Cheating Auras,"Synergies with enchantments give card draw, token generation, life gain and cost reduction.","Hidden commander, recusrion and draw engines make up for aura weaknesses.",No artifacts in the deck allows for one-sided artifact hate and stax.,Enchantment hate will hit almost all permanents.,Minimal instant speed interaction makes answering threats slower.,Auras stacked on a single creature can lead to large blowouts from spot removal.
"Vohar, Terrible Lifeguard","Vohar, Vodalian Desecrator",,"Vohar, Vodalian Desecrator",UB,Commander,45441,Big Mana Reanimator,No,On Creature,4,3,0,0,0,0,From the Grave: Loot and Reanimate Big Threats Early,"Mass Reanimation: Living Death, Sepulchral, Twilight's Call",Board Control: Sacrifice/Tap effects for Large Swings,"Vohar is low mana, though not integral to it working, and looting effects fill graveyard while filtering hands.","Looting and milling is redundant across reanimation effects, ensuring graveyard should always have a target.",Can get high threat creatures on board as early as turn 3.,"Graveyard hate will disrupt the primary strategy, and slow it down to hard casting large creatures.","Most creatures are at 5+ CMC, making them hard to cast without reanimation.","High threat creatures can make you archenemy, making you vulnerable to focused removal and wide boards."
A Refined Grizzly of Noble Heritage,"Wilson, Refined Grizzly",Noble Heritage,"Wilson, Refined Grizzly & Noble Heritage",GW,Commander,,Voltron +1 Counters and Politics,No,Voltron Only,3,3,0,0,0,0,Voltron Commander Damage: Wilson + Counters + One Sided Wipes,Backup Commander: Other Creature + Counters,Pillow Fort: Noble Heritage + Nils + Politics Cards,"Wilson and Noble Heritage come down fast, can threaten knockouts by turn 5.","Instant speed combat tricks, protection and doublers allow for big swings.",Cheap cost and strong keywords on commander allow for redeployment at low costs.,Voltron strategy is fragile if focused down by table.,Counter strategy has less permamence on board than equipment strategies.,Politics of deck fall apart if players decide not to engage when you're a threat.
Averna Cascade (Joe G),"Averna, the Chaos Bloom",,"Averna, the Chaos Bloom",GUR,Commander,44561,Mega Ramp & Chain Cascade,No,No,3,2,5,2,3,0.4,Cascade Snowball: Cheat Large Threats via Cascade Triggers,Creature Overrun: Avenger Zendikar / Baloths + End Raze Forerunners,Burn it Down: Locus of Rage / Warstorm Surge,Averna is a strong engine that helps enable the strategy of the deck without being overly reliant on her.,Cascade enablers cheat threats onto the board and maintain tempo.,Strong land based ramp and landfall package can lead to fast snowballing.,"Cascade is high variance, which can lead to low impact flips and inconsistent turns.",Creature and token focus leaves deck vulnerable to sweepers.,Reliance on big spells means a slow start or early disruption can leave it vulnerable before it hits critical mass.
Syr Gwyn Knights Voltron (Joe G),"Syr Gwyn, Hero of Ashvale",,"Syr Gwyn, Hero of Ashvale",RWB,Commander,44467,Knights Voltron,No,Aura/Equipment,4,3,6,3,3,0.5,Voltron Commander Damage: Syr Gwyn + Piles of Equipment,Backup Commander(s): Both Danitha's or Fiendslayer or Akiri or Balan,Instant Speed Win Button: Akroma's Will + A Modestly Threatening Board,"Gwyn has built in evasion, card draw, and cheats costs of most powerful equipment.","Other creatures synergize with same strategy as Gwyn, gives resiliency to normally fragile voltron.",Equipment tutors helps find the answer to specific problems or finishers.,"Gwyn is expensive at 6, without haste, requires protection, and is in colors that don't ramp out fast.",Heavy reliance on equipment leaves deck vulnerable to artifact hate.,Reputation of lethality can lead to targeting it down before it gets pieces on board.
Mayael Angels (Joe G),Mayael the Anima,,Mayael the Anima,GRW,Commander,44717,Cheating Out Angels,No,No,3,2,5,1,4,0.2,Smash Your Face: Angels Protec and Attac,Big Bombs Every Turn: Seedborn + Mayael,Double Striking Lifelinkers: True Conviction + Any Number of Attackers,"Angels are inherently big, scary creatures, a single one can win in right conditions.",Mayael's ability gets around biggest weaknesses of slow card advantage and high curve.,Protection from angels' abilities and less reliance on commander gives resiliency.,High mana creatures can lead to clunky hands if you fall behind on mana.,Less explosive and consistent card draw can lead to fizzling out in some instances.,Heavy reliance on creatures and permanents means a board wipe can cripple an entire game.
"Nethroi, Apex of Death (Joe G)","Nethroi, Apex of Death",,"Nethroi, Apex of Death",GWB,Commander,44476,Mass Graveyard Reanimation,No,Graveyard,3,2,3,1,2,0.333333333,Mass Reanimation Bombs: Nethroi Mutate / Eerie + Graveyard + Death Triggers (Optional),"Graveyard Loops: Reveillark, Karmic Guide, Victimize, Unburial Rites",Wipes: All Wipes One Sided With Graveyard Reanimation,"Can fill up graveyard fast, enabling reanimation value and Nethroi triggers later on.",Multiple ETB and death triggers give sacrifice and reanimation a flexible toolbox.,Resilient from wipes and removal since it revolves around recursion.,Graveyard hate cripples the gameplan and primary wincons.,"Setup dependent since it requires a full graveyard and the right reanimation window, leading to stalls.","Mutate ability can be interrupted with instant speed removal, blowing up turns and causing tempo loss."
"Eloise, Nephalia Sleuth (Joe G)","Eloise, Nephalia Sleuth",,"Eloise, Nephalia Sleuth",UB,Commander,44517,Clue Aristocrats,Eloise + Cauldron + Academy + Outlet,No,3,2,2,0,2,0,Drain the Table: Aristocrat Drain + Tokens + Sac Outlet,Clue Control: Clue Engines + Junk Winder,Sacrifice Loops: Several 4+ Card Sacrifice Combos can Fill the Board,"Eloise ties strategy together where death triggers investigate, sacrifice clues lets you filter.","Token producers, sac outlets, recursion and payoffs give flexible strategies of control, value and combo.",Low curve enables easy rebuilds after wipes.,"Graveyard and artifact hate can heavily disrupt clue, recursion and death triggers.",Setup intensive game plan requires multiple pieces on board before it can pressure the table.,"Reliant on aristocrat loops for wins, since creatures are small, leaving it vulnerable to big beaters and aggro."
The Admiral (Anthony),Admiral Beckett Brass,,Admiral Beckett Brass,URB,Commander,44625,Pirates and Booty,No,No,2,2,3,0,3,0,Pirate Aggro: Pirate Army Attacks + Anthem,Gold Hoard: Revel in Riches + Lots of Treasure,Boarding Party: Steal Opponents Creatures,Aggression from wide board of pirate attacks and theft abilities disrupts opponents' boards.,"Treasures provide ramp and color fixing, and can help rebuild from board wipes.","Pirates directly benefit from supporting one another, which are boosted by kindred payoffs.",Pirates are a relatively weaker and less developed tribe.,"Theft ability of Brass requires a developed board, and can be hard to punch through with weaker creatures.","Without anthems or combat tricks, pirate aggro can stall out against larger creatures or wide board states."
"Orvar, the All-Form (Anthony)","Orvar, the All-Form",,"Orvar, the All-Form",U,Commander,44479,Spellslinger Copy Shenanigans,Ghostly Flicker/Peregrine,No,3,3,2,0,2,0,Clone Army: Orvar + Cheap Spells + Evasive/Card Draw Creatures,Flicker Combo: Ghostly Flicker + Peregrine Drake + Spell Recovery Mage,Token Swarm: Talrand / Murmuring Mystic / Master of Waves + Spellslinging,"Orvar turns 1 mana cantrips into clone spells, bringing massive tempo and board threats.","Spellslinger momentum carries with card draw, token generation and clone effects.",Flexibile disruption suite offers interaction and defense while synergizing with the key strategies.,"Orvar dependent, if removed the spellslinger pieces are much lower impact since they lose the multiplicative clones.","Combos are also Orvar dependent, so targeted removal can fizzle combo lines.",Small creatures and engine setup means that the deck can be pressured early with aggro and large beaters.
Big Dinos (Anthony),"Gishath, Sun's Avatar",,"Gishath, Sun's Avatar",GRW,Commander,44682,Dinosaurs Hit You,No,On Creature,3,2,3,2,1,0.666666667,Overrun Dinos: Cheat Dinosaurs into Play with Gishath,Dinosaur Aggro: Cost Reducers + Large Dino Threats,Value Burn: Warstorm Surge + Quartzwood Crasher,"Dinosaurs have strong synergies, with top end power and triggers that outsize most other creature types.",Gishath's ability can quickly run away with the game if not answered.,Deep ramp package rolls into big dinosaurs ahead of curve.,"Gishath is slow and expensive, and if it is killed or blocked the deck loses its strongest momentum engine.","Most value comes from dinosaurs sticking to the board, so board wipes can lead to a slow rebuild.",Top heavy curve can have slow starts and no viable plays if you miss land drops or ramp.
Yuriko's Ninja Slugfest (Joe M),"Yuriko, the Tiger's Shadow",,"Yuriko, the Tiger's Shadow",UB,Commander,44494,Ninjitsu Group Slug,No,No,3,3,6,1,5,0.166666667,Top Deck Group Slug: Yuriko + Big Mana + Topdeck Manipulation (optional),Ninjas: Ninjitsu Abilities to Swing Game,Sneaky Bois: Small Evasive Creatures to Chip in Unblockable Damage,"Yuriko is a persistent threat that can cheat commander tax, deal 10+ damage a turn, and net card advantage.",Top deck manipulation helps hit on Yuriko's ability and smooths out draws.,Life loss from Yuriko and unblockable creatures get around crowded board states.,"Yuriko's abilities leads to table focusing down commander, limits political leverage.","If Yuriko is locked down, then deck can struggle to close out the game.","Creatures are generally weaker, can be overrun by larger boards in the late game."
Cats and Dogs (Joe M),"Rin and Seri, Inseparable",,"Rin and Seri, Inseparable",GRW,Commander,44515,An Army of Cats and Dogs,No,No,3,2,7,4,3,0.571428571,Go Wide: Rin and Seri + Playing Creatures,Buff Cats and Dogs: Anthems & Overrun Effects,ETB Triggers: Impact Tremors & Felidar Retreat,Rin and Seri are an efficient passive token engine that rewards you for playing the deck.,Tribal synergies with anthems and buffs turn small creatures into lethal beaters.,Mid and late game scaling with token doublers and explosive draw rewards large boards.,"Leans heavily on wide board states, making it vulnerable to sweepers.",Fog effects and pillow fort strategies shut down primary attack based wincons.,Shutting down anthems weakens tiny tokens and can lead to blowouts.
